Course,Title,Edition,Year,Author,ISBN,Alternate ISBNs,Call number,Barcode,Current Status,New/Returning/Past Semester,UMCP copy?,Notes,Comment
GVPT 170,AmGov: Long Story Short,2nd,2021,Christine Barbour,9781071808979,,GVPT170/AmGov,31430058259195,On Shelf,New,N,,
STAT 430,Applied Statistics and the SAS Programming Language,5th,2006,Cody & Smith,9780131465329,,STAT430/Applied Statistics & SAS,31430057923940,On Shelf,New,Y,,
BSCI 150,Beyond Race: Human Biological Diversity,3rd,2015,Presson & Jenner,9781626613652,,BSCI150/Beyond Race,31430058259070,On Shelf,New,N,,
CCJS 370,Bleeding Out,,2019,Thomas Abt,9781541645721,,CCJS370/Bleeding Out,31430059575821,On Shelf,New,Y,,
BMGT 380,BMGT 380 - Business Law Supplemental Casebook,,2019,McGraw Hill,9781264789191,,BMGT380/Case Supplement 2019,31430058259294,On Shelf,New,N,,
MATH 120,Calculus & Its Applications - Student Solutions Manual,14th,2018,Beverly Fusfield,9780134463230,,MATH120/Calculus & Its App. SSM 14th,31430058259278,On Shelf,New,N,,
GVPT 280,Cases in Comparative Politics,7th,2021,"O'Neil, Fields, & Share",9780393422931,,GVPT280/Cases in Comp. Politics,31430058259245,On Shelf,New,N,,
CMSC 411,Computer Architecture,5th,2011,Hennessy & Patterson,9780123838735,"9780123838728, 9780128119051",CMSC411/Computer Architecture,,Ebook,New,Y,Ebook only : https://ebookcentral.proquest.com/lib/umdcp/detail.action?docID=787253,"This book is  available as an ebook at this <a href=""https://ebookcentral.proquest.com/lib/umdcp/detail.action?docID=787253"">link</a>"
HIST 201,Crazy Horse,,1999,Larry McMurtry,9780143034803,,HIST201/Crazy Horse,31430044280735,On Shelf,New,Y,,
CCJS 340,Critical Issues in Policing,8th,2021,"Dunham, Alpert & McLean",9781478640462,,CCJS340/Critical Issues 8th,31430058259096,On Shelf,New,N,,
CCJS 370,Divergent Social Worlds : Neighborhood Crime and the Racial-Spatial Divide,,2012,Peterson & Krivo,9780871546975,,CCJS370/Divergent Social Worlds,31430058259112,On Shelf,New,N,,
ANTH 222,Ecological and Evolutionary Anthropology (Custom),15th,2017,"Haviland, Walrath, Prins, & McBride",9781337444668,,ANTH222/Eco & Evo Anthropology,31430058259047,On Shelf,New,N,,
TLPL 250,Emile or On Education,,1979,Rousseau (Bloom trans.),9780465019311,,TLPL250/Emile,31430037129857,On Shelf,New,Y,,
GEOG 330,Environment and Sustainability,,2019,"Nightingale, Bohler, Campbell, Karlsson",9780765646446,,GEOG330/Environment & Sustainability,31430058259179,On Shelf,New,N,Ebook : https://ebookcentral.proquest.com/lib/umdcp/detail.action?docID=5741590,"This book is  available as an ebook at this <a href=""https://ebookcentral.proquest.com/lib/umdcp/detail.action?docID=5741590"">link</a>"
EPIB 301,Epidemiology for Public Health Practice,6th,2021,Friis & Sellers,9781284175431,,EPIB301/Epidemiology for Pub. Health,31430058259146,On Shelf,New,N,,
HLTH 366,Essentials of Health Behavior: Social and Behavioral Theory in Public Health,3rd,2020,Mark Edberg,9781284145359,9781284069341,HLTH366/Ess. Of Health Behavior,31430058259260,On Shelf,New,N,,
GVPT 201,Essentials of Political Analysis,6th,2020,Pollock & Edwards,9781506379616,,GVPT201/Essentials of Political Analysis 6th,31430058259203,On Shelf,New,N,,
ENEE 200,Ethical Engineer : Contemporary Concepts and Cases,,2018,Robert E McGinn,9780691177700,,ENEE200/Ethical Engineer,31430059261356,On Shelf,New,Y,,
ENGL 101,"Fearless Writing: Rhetoric, Inquiry, Argument",2nd,2020,University of Maryland Academic Writing Program,9781319377540,,ENGL101/Fearless Writing 2nd,"31430058259369, 31430058259351",On Shelf,New,N,,
GEOG 201,Geosystems Core,,2017,"Christopherson, Cunha, Thomsen, Birkeland",9780321834744,9780134153520,GEOG201/Geosystems Core,31430058259161,On Shelf,New,N,,
HIST 201,Great Influenza: the Epic Story of the Deadliest Plague in History,,2005,John M. Barry,9780143036494,,HIST201/Great Influenza,31430050768482,On Shelf,New,Y,,
PSYC 355,How Children Develop,6th,2020,"Siegler, Saffran, & Gershoff",9781319184568,,PSYC355/How Children Develop 6th,31430058259302,On Shelf,New,N,,
HIST 134,Howl on Trial: the Battle for Free Expression,,2006,Morgan & Peters,9780872864795,,HIST134/Howl on Trial,31430052565563,On Shelf,New,Y,,
CMSC 421,Introduction to Artificial Intelligence,2nd,2018,Wolfgang Ertel,9783319584867,,CMSC421/Intro to Art. Intelligence,31430058259120,On Shelf,New,N,,
ENAE 283,Introduction to Flight,8th,2016,"John D. Anderson, Jr.","9780078027673",9781260226744,ENAE283/Intro to Flight,31430058259039,On Shelf,New,Y,,
GVPT 241,Issues in Political Theory,4th,2019,"McKinnon, Jubb, Tomlin",9780198784067,,GVPT241/Issues in Pol. Theory,31430058259237,On Shelf,New,4,,
PLCY 203,Justice: What's the Right Thing to Do,,2009,Michael J Sandel,9780374532505,,PLCY203/Justice,31430054242195,Recalled,New,Y,,
CCJS 360,Know My Name,,2019,Chanel Miller,9780735223707,,CCJS360/Know My Name,31430059528655,Recalled,New,Y,,
SOCY 230,Knowing People: The Personal Use of Social Psychology,2nd,2007,Michael J. Lovaglia,9780742547728,,SOCY230/Knowing People,31430058259310,On Shelf,New,N,,
STAT 430,Little SAS Book: Primer,5th,2012,Delwiche & Slaughter,9781612903439,,STAT430/Little SAS Book,31430058259328,On Shelf,New,N,,
BMGT 446,Multinational Financial Management,11th,2020,Shapiro & Hanouna,9781119559849,,BMGT446/Multinational Financial Management,31430058259062,On Shelf,New,N,,
FMSC 310,Origins: How the Nine Months Before Birth Shape the Rest of Our Lives,,2010,Annie Murphy Paul,9780743296632,,FMSC310/Origins,31430058259153,On Shelf,New,N,,
PHIL 201,Quantum Physics: A First Encounter,,2016,V. Scarani,9780198766414,,PHIL201/Quantum Physics,31430058259286,On Shelf,New,N,,
PLCY 203,Righteous Mind: Why Good People Are Divided by Politics and Religion,,2012,Jonathan Haidt,9780307455772,,PLCY203/Righteous Mind,31430056712690,Recalled,New,Y,,
CCJS 360,Rip in Heaven,,2004,Jeanine Cummins,9780451210531,,CCJS360/Rip in Heaven,31430058259104,On Shelf,New,N,,
CCJS 360,Something Bad Happened Last Night,1st,2011,Cortney Fisher,9780757586330,,CCJS360/Something Bad Happened,31430058259336,On Shelf,New,N,,
ENEE 350,Structured Computer Organization,6th,2013,Andrew S. Tanenbaum,9780132916523,,ENEE350/Structured Computer Organization,31430058259138,On Shelf,New,N,,
GVPT 202,Supreme Court,14th,2021,Lawrence Baum,9781544390109,9780872864795,GVPT202/Supreme Court,31430058259229,On Shelf,New,N,,
BMGT 403,Systems Analysis and Design,7th,2019,"Dennis, Wixom, & Roth",9781119496489,9781118897843,BMGT403/Systems Analysis & Design,31430058259054,On Shelf,New,N,,
CCJS 370,Theory of African American Offending,,2011,Unnever & Gabbidon,9780415883580,,CCJS360/Theory of Af. Am. Offending,31430055279030,On Shelf,New,Y,,
HIST 134,Trial of Lizzie Borden,,2019,Cara Robertson,9781501168376,,HIST134/Trial of Lizzie Borden,31430058259252,On Shelf,New,N,,
GVPT 202,Uncertain Justice: The Roberts Court and the Constitution,,2014,Tribe & Matz,9780805099096,"9781250069351, 9780805099133",GVPT202/Uncertain Justice,31430058259211,On Shelf,New,N,,
GEOL 100,Understanding Earth,7th,2014,Grotzinger & Jordan,9781464138744,,GEOL100/Understanding Earth,31430058259187,On Shelf,New,N,,
CCJS 225,Violence: The Enduring Problem,4th,2021,Alvarez & Bachman,9781544355658,,CCJS225/Violence,31430058259088,On Shelf,New,N,,
ARCH 226,World Architecture : A Cross-Cultural History,2nd,2019,Richard Ingersoll,9780190646455,,ARCH226/World Architecture,31430055699500,On Shelf,New,Y,,
HEIP 143,100 Great Businesses and the Minds Behind Them,,2006,Ross & Holland,9781402206313,,HEIP143/100 Great  Businesses,31430055790614,On Shelf,Past,N,,
BMGT 326,Accounting Information Systems,13th,2015,Romney & Steinbart,9780133428537,,BMGT326/Accounting Info Systems,31430051074948,On Shelf,Past,N,,
MATH 113,Algebra & Trigonometry (UMD Custom),2nd,,Robert Blitzer,9781256682974,,MATH113/Algebra & Trig,31430058252661,On Shelf,Past,N,,
MATH 113,Algebra & Trigonometry (UMD Custom),3rd,2016,Robert Blitzer,9781323305577,9781323305584,MATH113/Algebra & Trig. 3rd,"31430058252901, 31430058255474, 31430058255482",On Shelf,Past,N,,
MATH 113,Algebra & Trigonometry Student Solutions Manual,4th,,Daniel S. Miller,9780321575449,,MATH113/Algebra & Trig SSM,31430058252679,On Shelf,Past,N,,
MATH 113,Algebra & Trigonometry Student's Solutions Manual,5th,2014,Daniel S. Miller,9780321837363,9781323305584,MATH113/Algebra & Trig. SSM 5th,"31430058254600, 31430058254089",On Shelf,Past,N,,
HIST 289R,"American Consumer Society, 1865-2005",,2009,Regina Lee Blaszczyk,9780882952642,,HIST289R/American Consumer,31430058254097,On Shelf,Past,Y/N,HC110.C63 B53 2009 (check if current),
CCHS 342,American Corrections in Brief,3rd,2017,"Clear, Reisig, Petrosino, & Cole",9781305633735,,CCHS342/American Corrections in Brief,31430058258809,On Shelf,Past,N,,
JOUR 200,American Journalists,,1997,Donald A. Ritchie,9780195099072,,JOUR200/American Journalists,31430050604968,On Shelf,Past,N,XPB5229.A6 (check if current),
CLAS 170,An Iliad,,2013,"Peterson, O'Hare, & Homer",9780822226871,,CLAS170/An Iliad ,31430058253263,On Shelf,Past,N,,
ENME 392,Applied Statistics and Probability for Engineers (6th ed),6th,2014,Montgomery & Runger,9781118539712,,ENME392/Applied Statistics & Probability for Engineers,31430055790663,On Shelf,Past,N,,
ARCH 400,Architectural Graphics,6th,2015,Francis D. K. Ching,9781119035664,,ARCH400/Architectural Graphics,31430058258791,On Shelf,Past,N,,
INST 346,"Architecture of Computer Hardware, Systems Software, & Network: An Information Technology Approach",5th,2014,Irv Englander,9781118322635,,INST346/Architecture of Computer Hardware,31430058256449,On Shelf,Past,N,,
JOUR 181,Associated Press Stylebook,2018 ed.,2017,Associated Press,9780917360671,,JOUR181/Associated Press Stylebook,31430058255714,On Shelf,Past,N,,
BMGT 422,Auditing: a Risk-Based Approach to Conducting a Quality Audit,10th,2016,"Johnstone, Rittenberg, & Gramling",9781305080577,,BMGT422/Auditing,31430058253248,On Shelf,Past,N,,
BMGT 445,"Banking and Financial Institutions (from Saunders & Cornett, BMGT445/BUFN772)",,2018,Elinda Kiss,9781307316438,,BMGT445/Banking & Financial Institutions,31430058256209,On Shelf,Past,N,,
ENGL 101S,Bedford Handbook ,9th,,Diana Hacker,9781457608025,,ENGL101/Bedford,31430058256613,On Shelf,Past,N,,
MATH 130,Biocalculus,,2016,Stewart & Day,9781305114036,9781305607866,MATH130/Biocalculus,"31430058253198, 31430058253693",On Shelf,Past,N,,
MATH 131,Biocalculus,,2016,Stewart & Day,9781305114036,9781305607866,MATH130/Biocalculus,"31430058253198, 31430058253693",On Shelf,Past,N,,
BCHM 463,Biochemistry,4th,2013,"Mathews, van Holde, Appling, & Anthony-Cahill",9780138004644,,BCHM463/Biochemistry (2),31430058256191,On Shelf,Past,N,,
BCHM 463,Biochemistry: Concepts and Connections,10th,2016,"Dean R. Appling, Spencer J. Anthony-Cahill, Christopher K. Mathews",9780321839923,,BCHM463/Biochemistry,"31430058252737, 31430058253719, 31430043444373",On Shelf,Past,N,,
PSYC 301,Biopsychology (9th ed),9th,,John P.J. Pinel,9780205915576,,PSYC301/Biopsychology,31430055790846,On Shelf,Past,N,,
BMGT 340,BMGT 340 Business Finance,2017,2017,Hallows,9781323673027,9781323673041,BMGT340/Business Finance,31430058255078,On Shelf,Past,N,,
BMGT 380,BMGT 380  Business Law Case Supl (Rev),2012,2012,McGraw Hill,9780078132759,,BMGT380/Case Supl,31430058256597,On Shelf,Past,N,,
BMGT 380,BMGT 380  Business Law Case Supplement,,2015,Mallor,9781259698170,,BMGT380/Case Supl 2015,31430058254030,On Shelf,Past,N,,
BMGT 380,BMGT 380 -Business Law Case Supplement,,2018,McGraw Hill,9781260699876,,BMGT380/Case Supplement 2018,31430058258171,On Shelf,Past,N,,
WMST 250,Borderlands/La Frontera,4th,2012,Gloria Anzaldua,9781879960855,,WMST250/Borderlands,31430058253842,On Shelf,Past,N,,
GVPT 282,Bottom Billion,,2007,Paul Collier,9780195373387,,GVPT282/Bottom Billion,31430051074849,On Shelf,Past,N,,
GVPT 331,Buffalo Creek Disaster,Rev. 2008,2008,Gerald M. Stern,9780307388490,,GVPT331/Buffalo Creek Disaster,31430058253776,On Shelf,Past,N,,
BUAC 780,Business Analysis & Valuation,5th,2013,Palepu & Healy,9781111972301,,BUAC780/Business Analysis & Valuation,31430058253222,On Shelf,Past,N,,
ENGL 394,Business Communication Essentials,6th,,Courtland L. Bovee & John V. Thill,9780132971324,,ENGL394/Business Comm,31430058256548,On Shelf,Past,N,,
BMGT 380,"Business Law: Ethical, Global, and E-commerce Environment",16th,2016,"Mallor, Barnes, Langvardt, Prenkert, McCrory",9780077733711,,BMGT380/Business Law 16th,31430058253065,On Shelf,Past,N,,
BMGT 380,"Business Law: Ethical, Global, and E-commerce Environment; 15th ed.",15th,,"Mallor, Barnes, Bowers, & Langvardt",9781285904733,,BMGT380/Business Law,31430058256555,On Shelf,Past,N,,
BMGT 230,Business Statistics: A First Course,3rd,2017,"Sharpe, De Veaux, Velleman",9781323485392,,BMGT230/Business Statistics 3rd,"31430058253214, 31430058253578",On Shelf,Past,N,,
MATH 120,Calculus & Its Applications,13th,2014,"Goldstein, Lay, Schneider, & Asmar",9780321848901,9781323322741,MATH220/Calculus & Its Applications,"31430058252943, 31430058254634, 31430058254642",On Shelf,Past,N,,
BSCI 170,Campbell Biol UMD,,2014,"Reece, Urry, Cain, Wasserman, Minorsky, Jackson",9781269920490,9781269920483,BSCI105/Campbell Biology,"31430058256753, 31430058254121, 31430058254659",On Shelf,Past,N,,
BSCI 160,Campbell Biology,10th,2014,"Reece, Urry, Cain, Wasserman, Minorsky, & Jackson",9780321775658,,BSCI160/Campbell Biology 10th,"31430058254337, 31430058257728",On Shelf,Past,N,,
BSCI 170,Campbell Biology,10th,2014,"Reece, Urry, Cain, Wasserman, Minorsky, & Jackson",9780321775658,,BSCI160/Campbell Biology 10th,"31430058254337, 31430058257728",On Shelf,Past,N,,
BSCI 207,Campbell Biology,10th,2014,"Reece, Urry, Cain, Wasserman, Minorsky, & Jackson",9780321775658,,BSCI160/Campbell Biology 10th,"31430058254337, 31430058257728",On Shelf,Past,N,,
BSCI 103,Campbell Biology ,8th,2015,"Reece, Taylor, Simon, Dickey, & Hogan",9780321885326,"9780321885173, 9780321946683",BSCI103/Campbell Biology 8th,31430051076257,On Shelf,Past,N,,
BSCI 160,Campbell Biology ,9th,2011,"Reece, Urry, Cain, Wasserman, Minorsky, Jackson",9780321558237,,BSCI160/Campbell Biology 9th,"31430058255466, 31430058256373",On Shelf,Past,N,,
PSYC 221,Case Studies in Social Psychology: Critical Thinking and Application,,2020,Heinzen & Goodfriend,9781544308913,9781544330334,PSYC221/Case Studies in Social Psychology,"31430058256183, 31430058258049",On Shelf,Past,N,XPB5479.C2 (check if current),
CHEM 131,Chem 131 Structure & Prop UMD,3rd,2015,Nivaldo J. Trio,9781269886079,9781323006580,CHEM131/Structure,"31430058256563, 31430058254139, 31430058254147",On Shelf,Past,N,,
CHEM 131,CHEM 131 Structure & Prop. UMD (4th),4th,2018,Nivaldo J. Tro,9781323738832,9781323739341,CHEM131/Structure 4th,"31430058254345, 31430058255441, 31430058258031",On Shelf,Past,N,,
CHEM 135,Chem 135 Structure & Properties (UMD Custom),3rd,2015,Nivaldo J. Tro,9781323006573,,CHEM135/Chem 135 S & P,"31430058254683, 31430058254691, 31430058254675, 31430058254667",On Shelf,Past,N,,
CHEM 271,Chemistry 271 Custom,4th,2015,"Gilbert, Kirss, Foster, & Davies",9780393250268,,CHEM271/SCI CTX,"31430058256829, 31430058254162, 31430058254170, 31430043444324",On Shelf,Past,N,,
CHEM 271,Chemistry 271 Custom,3rd,2012,"Gilbert, Kirss, Foster, & Davies",9780393136586,,CHEM271/SCI CTX (3rd),31430058254154,On Shelf,Past,N,,
CHEM 271,Chemistry: Structure and Properties,2nd,2018,Nivaldo J. Tro,9780134293936,"9780135357125, 9781323882009, 9780393250268, 9781323739341, 9781323738832",CHEM271/Structure & Properties 2nd,31430058255797,On Shelf,Past,N,,
CHEM 271,Chemistry: The Science in Context,4th,2015,"Gilbert, Kirss, Foster, & Davies",9780393919370,,CHEM271/Chemistry,31430043444241,On Shelf,Past,N,,
FMSC 332,Child Development From Infancy to Adolescence,,2016,Laura Levine & Joyce Munsch,9781452288819,9781483393490,FMSC332/Child Development,31430051076232,On Shelf,Past,N,,
CLAS 170,Classical Mythology,6th,2012,Harris & Platzner,9780073407524,,CLAS170/Classical Mythology (2),31430051074914,On Shelf,Past,N,,
PSYC 341,Cognition (8th ed),8th,,Margaret W. Matlin,9781118148969,,PSYC341/Cognition,31430055791026,On Shelf,Past,N,,
COMM 107,"Communicating: a Social, Career, and Cultural Focus, 12th ed.",12th,2013,"Berko, Wolvin, Wolvin, & Aitken",9780205238187,9780205238125,COMM107/Communicating,"31430019904715, 31430019904749",On Shelf,Past,N,,
INAG 110,Communication Age,1st,2013,"Edwards, Edwards, Wahl, & Myers",9781412977593,,INAG110/Communication Age 1st,31430058255417,On Shelf,Past,N,,
INAG 110,Communication Age (UMD custom),2nd,2017,"Edwards, Edwards, Wahl, & Myers",9781506384740,"9781506384764, 978150638474",INAG110/Communication Age,"31430058254014, 31430058255649, 31430058256308",On Shelf,Past,N,,
CMSC 216,Computer Systems: Programmer's Persp.,3rd,2016,Bryant & O'Hallaron,9780134092669,,CMSC216/Computer Systems,31430058252984,On Shelf,Past,N,,
BMGT 451,"Consumer Behavior: Buying, Having, and Being",12th,2017,Michael R. Solomon,9780134129938,,BMGT451/Consumer Behavior,31430058256092,On Shelf,Past,N,,
HIST 289R,Consumer Society in American History: Reader,,1999,Lawrence B. Glickman,9780801484865,,HIST289R/Consumer Society,31430058254725,On Shelf,Past,N,,
ENME 462,Control Systems Engineering,7th,2015,Norman S. Nise,9781118170519,,ENME462/Control Systems Engineering,31430058253131,On Shelf,Past,N,,
BUSI 640,Corporate Finance,4th,2017,Berk & DeMarzo,9780134083278,,BUSI640/Corporate Finance,31430058253024,On Shelf,Past,N,,
BMGT 220,Corporate Financial Accounting,12th,,"Carl S. Warren, James M. Reeve, & Jonathan E. Duchac",9781285912127,9781285904733,BMGT220/Corporate,31430058256704,On Shelf,Past,N,,
BMGT 220,Corporate Financial Accounting,14th,2017,"Warren, Fess, & Reeve",9781337130714,,BMGT220/Corporate 14th,31430058254733,On Shelf,Past,N,,
ASTR 100,Cosmic Perspective Fundamentals,2nd,2016,Jeffrey O. Bennett,9780133889567,,ASTR100/Cosmic Perspective Fundamentals,"31430058253370, 31430058256316",On Shelf,Past,N,,
CCJS 105,"Crime, Justice, & Society",4th,2015,"Berger, Free, Deller, & O'Brien",9781626372252,,"CCJS105/Crime, Justice, & Society",31430058252844,On Shelf,Past,N,,
CCJS 100,Criminal Justice in America,7th,,"Cole, Smith, & DeJong",9781285067667,,CCJS100/Criminal Justice,31430058256589,On Shelf,Past,N,,
CCJS 100,Criminal Justice in America,8th,2016,"Cole, Smith, & DeJong",9781305261068,,CCJS100/Criminal Justice 8th,"31430058252794, 31430058255383, 31430058255391",On Shelf,Past,N,,
CCJS 105,Criminology,8th,2013,Freda Adler,9780078026423,,CCJS105/Criminology,31430058253602,On Shelf,Past,N,,
CCJS 105,Criminology,9th,2018,"Adler, Mueller, & Laufer",9780078140969,9781259916359,CCJS105/Criminology 9th,31430058256233,On Shelf,Past,N,,
CCJS 340,Critical Issues in Policing,7th,2015,Dunham & Alpert,9781478622871,,CCJS340/Critical Issues in Policing,31430051074922,On Shelf,Past,N,,
BUSI 630,Data Analysis & Decision Making,4th,2011,"Albright, Winston, Zappe",9780538476126,,BUSI630/Data Analysis & Decision Making,31430058254071,On Shelf,Past,N,,
CMSC 132,Data Structures and Abstractions with Java,4th,2015,Carrano & Henry,9780133744057,9780133750263,CMSC132/Data Structures & Abstractions,31430058253180,On Shelf,Past,N,,
CMSC 132,Data Structures and Abstractions with Java,5th,2019,Carrano & Henry,9780134831695,,CMSC132/Data Structures & Abstractions 5th,31430058255722,On Shelf,Past,N,,
CMSC 132,Data Structures and Algorithms in Java,6th,2014,"Goodrich, Tamassia, & Goldwasser",9781118771334,,CMSC132/Data Structures & Algorithms,"31430058254055, 31430058257959",On Shelf,Past,N,,
CMSC 132,Data Structures: Abstraction and Design Using Java,2nd,2010,Koffman & Wolfgang,9780470128701,,CMSC132/Data Structures,31430058252919,On Shelf,Past,N,,
CCJS 350,Delinquency in Society (9th ed),9th,,"Regoli, Hewitt, & Delisi",9781449692414,,CCJS350/Delinquency in Society,31430055790739,On Shelf,Past,N,,
COMM 401,Demagouery and Democracy,,2017,Patricia Roberts-Miller,9781615194087,9781615194193,COMM401/Demagouery & Democracy,31430058255730,On Shelf,Past,N,,
HIST 131,Democracy in America,,2010,Alexis de Tocqueville,9780451531605,9780872204959,HIST131/Democracy in America,31430058253784,On Shelf,Past,N,,
GEOG 130,"Developing Countries: Gender Poverty, and Globalization",1st rev.,2018,Ronald W. Luna,9781516514526,,GEOG130/Developing Countries,31430058255094,On Shelf,Past,N,,
PHIL 100,"Dialogue on Good, Evil, & the Existence of God",,1999,John Perry,9780872204607,,PHIL100/Dialogue on Good,"31430047458148, 31430058255367",On Shelf,Past,Y/N,,
ENEE 244,"Digital Design: With an Introduction to the Verilog HDL, VHDL, and SystemVerilog",6th,2018,Mano & Ciletti,9780134549897,,ENEE244/Digital Design,31430058255748,On Shelf,Past,N,,
CMSC 250,Discrete Mathematics and Its Applications,8th,2019,Kenneth H. Rosen,9781259731280,9781259676512,CMSC250/Discrete Mathematics & Applications,31430058256241,On Shelf,Past,N,,
CMSC 250,Discrete Mathematics with Applications,4th,2011,Susanna S. Epp,9780495391326,,CMSC250/Discrete Mathematics,31430051074880,On Shelf,Past,N,,
ENGL 101,DK Handbook,3rd,,Anne Frances Wysocki & Dennis A. Lynch,9780205863792,,ENGL101/DK Handbook,"31430019897778, 31430019897877, 31430058256670",On Shelf,Past,N,,
ENGL 101,DK Handbook (4th ed.),4th,2017,Wysocki & Lynch,9780134139869,,ENGL101/DK Handbook 4th,31430058253560,On Shelf,Past,N,,
HLTH 106,"Drugs, Society and Human Behavior (15th ed)",15th,,Hart & Ksir,9780073529745,,"HLTH106/ Drugs, Society, & Human Behavior",31430055790960,On Shelf,Past,N,,
GVPT 241,Early Writings,,1992,Karl Marx,9780140445749,,GVPT241/Early Writings,31430051076174,On Shelf,Past,N,,
ECON 330,"Economics of Money, Banking and Financial Markets, the Business School Edition",5th,2019,Fredric S. Mishkin,9780134734521,9780134889191,ECON330/Economics of Money 5th,31430058258619,On Shelf,Past,N,,
ECON 330,"Economics of Money, Banking and Financial Markets, the Business School Edition",4th,2016,Fredric S. Mishkin,9780134047386,9780134047416,ECON330/Economics of Money 4th,31430058252935,On Shelf,Past,N,,
ECON 330,"Economics of Money, Banking and Financial Markets: the Business School Edition (3rd ed)",3rd,,Mishkin,9780132741378,,ECON330/Economics of Money,31430055790952,On Shelf,Past,N,,
ENME 350,Electrical Engineering,6th,2014,Allan R. Hambley,9780133116649,9781305317390,ENME350/Electrical Engineering,31430058253099,On Shelf,Past,N,,
GEOG 201,Elemental Geosystems,8th,2016,Christopherson & Birkeland,9780321985019,9780134190198,GEOG201/Elemental Geosystems,31430051074856,On Shelf,Past,N,,
ENME 371,Engineering Design,5th,2013,Dieter & Schmidt,9780073398143,,ENME371/Engineering Design,31430058253073,On Shelf,Past,N,,
ENME 472,Engineering Design,5th,2013,Dieter & Schmidt,9780073398143,,ENME371/Engineering Design,31430058253073,On Shelf,Past,N,,
ENME 272,Engineering Design and Creo Parametric 4.0,,2017,Guangming Zhang,9781935673392,,ENME272/Eng. Design Creo Parametric 4.0 ,"31430051076265, 31430058255359",On Shelf,Past,N,,
ENME 272,Engineering Design Creo Parametric 3.0,,2014,Guangming Zhang,9781935673224,,ENME272/Eng. Design Creo Parametric 3.0,31430058253404,On Shelf,Past,N,,
ENSP 101,Environment: the Science Behind the Stories,5th,2014,Jay Withgott,9780321897428,,ENSP101/Environment,"31430058253685, 31430058255342",On Shelf,Past,N,,
EPIB 301,Epidemiology 101,2nd,2018,Robert H. Friis,9781284107852,,EPIB301/Epidemiology 101,31430058255755,On Shelf,Past,N,,
BIOE 120,Essential Cell Biology,4th,2014,"Alberts, Bray, Hopkin, Johnson, Lewis, Raff, Roberts, Walter",9780815344544,,BIOE120/Essential Cell Biology,31430058254378,On Shelf,Past,N,,
AOSC 200,Essentials of Meteorology (Custom),7th,2015,C. Donald Ahrens,9781305314498,9781305317390,AOSC200/Essentials of Meteorology,"31430058253990, 31430051076448",On Shelf,Past,N,,
BMGT 364,Essentials of Organizational Behavior,14th ,2018,Robbins & Judge,9780134524849,9780134640105,BMGT364/Essentials of Organizational Behavior,31430058255052,On Shelf,Past,N,,
GVPT 201,Essentials of Political Analysis,5th,2016,Philip H. Pollock,9781506305837,9781506329017,GVPT201/Ess. of Political Analysis,"31430058253339, 31430058256274",On Shelf,Past,N,,
BMGT 411,Ethical Obligations and Decision Making in Accounting: Texts and Cases,4th,2017,Mintz & Morris,9781259543470,,BMGT411/Ethical Obligations,31430058256084,On Shelf,Past,N,,
BUAC 765,Ethics in Accounting: A Decision-Making Approach,2nd,2016,Gordon Klein,9781118928332,,BUAC765/Ethics in Accounting,31430058254386,On Shelf,Past,N,,
ENEE 200,"Ethics, Technology, & Engineering: an Introduction",,2011,van de Poel & Royakkers,9781444330953,,"ENEE200/Ethics, Technology, & Engineering",31430058254394,On Shelf,Past,N,,
BSCI 370,Evolutionary Analysis (5th ed),5th,,Herron & Freeman,9780321616678,,BSCI370/Evolutionary Analysis,31430055790705,On Shelf,Past,N,,
CHEM 242,Experimental Organic Chemistry,5th,2011,John C. Gilbert,9781439049143,,CHEM232/Experimental Org Chem,31430058254741,On Shelf,Past,N,,
CHEM 242,Experimental Organic Chemistry,6th,2016,Gilbert & Martin,9781305080461,9781337064521,CHEM232/Experimental Org Chem 6th Ed,"31430058254758, 31430058254188, 31430058254196",On Shelf,Past,N,,
GEOL 100,Exploring Geology,,2017,"Reynolds, Johnson, Morin, Carter",9781259292927,9781259545191,GEOL100/Exploring Geology,31430058255110,On Shelf,Past,N,,
FMSC 330,Families in Daily Life,1st,2018,Mia Smith-Bynum,9781516516810,9781516516803,FMSC330/Families in Daily Life,31430051076455,On Shelf,Past,N,,
ENGL 101,"Fearless Writing: Rhetoric, Inquiry, Argument",1st,2018,University of Maryland Academic Writing Program,9781319215781,,ENGL101/Fearless Writing,"31430058255706, 31430058255698, 31430058255680, 31430058255938, 31430058255946, 31430058256266, 31430058258155, 31430058258148, 31430058258130, 31430058258122",On Shelf,Past,N,,
WMST 250,Feminism is for Everybody: Passionate Politics,2nd,2015,bell hooks,9781138821620,,WMST250/Feminism is for Everybody,31430058253859,On Shelf,Past,N,,
HIST 201,Feminism Unfinished,,2014,"Cobble, Gordon, & Henry",9781631490545,,HIST201/Feminism Unfinished ,"31430051074468, 31430058254204",On Shelf,Past,N,,
BMGT 440,Fundamentals of Corporate Finance,4th,2017,"Berk, DeMarzo, & Harford",9780134475561,,BMGT440/Fund. of Corp. Finance 4th,31430058255912,On Shelf,Past,N,,
ENES 232,Fundamentals of Engineering Thermodynamics,8th,2014,"Moran, Shapiro, Boettner, & Bailey",9781118412930,,ENES232/Fundamentals of Eng. Therm.,31430058252836,On Shelf,Past,N,,
ENME 331,Fundamentals of Fluid Mechanics,7th,2013,Bruce R. Munson,9781118716373,,ENME331/Fundamentals of Fluid Mechanics,31430058253446,On Shelf,Past,N,,
ENME 331,Fundamentals of Fluid Mechanics (ENME 331 Custom),8th,2016,"Gerhart, Gerhart, & Hochstein",9781119383093,9781119385073,ENME331/Fundamentals of Fluid Mechanics 8th,31430058254402,On Shelf,Past,N,,
ENME 332,Fundamentals of Heat + Mass Transfer,7th,2011,"Bergman, Lavine, Incropera, DeWitt",9780470501979,,ENME332/Fund. of Heat + Mass Transfer,31430051074864,On Shelf,Past,N,,
ENMA 300,Fundamentals of Materials Science and Engineering,5th,2015,Callister & Rethwisch,9781119230403,,ENMA300/Fundamentals of Materials Science,31430051076463,On Shelf,Past,N,,
BSCI 222,"Genetics, a Conceptual Approach - Solutions and Problem-Solving Manual",5th,2014,Jung H. Choi & Mark E. McCallum,9781464150920,,BSCI222/Genetics Sol. Man.,"31430058256738, 31430058253651",On Shelf,Past,N,,
BSCI 222,"Genetics, a Conceptual Approach - Solutions and Problem-Solving Manual",4th,2012,Jung H. Choi & Mark E. McCallum,9781429232548,,BSCI222/Genetics Sol. Man. 4th ,31430058254212,On Shelf,Past,N,,
BSCI 222,"Genetics, A Conceptual Approach, 4th ed.",4th,,Benjamin A. Pierce,9781429232500,,BSCI222/Genetics 4th,31430058254774,On Shelf,Past,N,,
BSCI 222,"Genetics, A Conceptual Approach, 5th ed.",5th,2014,Benjamin A. Pierce,9781464109461,9781464150920,BSCI222/Genetics,"31430058254782, 31430058254790, 31430058256332",On Shelf,Past,N,,
BSCI 410,Genetics: from Genes to Genomes,4th,2011,"Hartwell, Goldberg, & Fischer",9780073525266,,BSCI410/Genetics: from Genes to Genomes 4th,31430055791109,On Shelf,Past,N,,
BSCI 410,Genetics: from Genes to Genomes,5th,2015,"Hartwell, Goldberg, & Fischer",9780073525310,,BSCI410/Genetics: from Genes to Genomes 5th,31430058253057,On Shelf,Past,N,,
SPAN 203,Gente,3rd,2016,Delafuente,9780134244167,,SPAN203/Gente,31430058253495,On Shelf,Past,N,,
HIST 201,Give Me Liberty! (vol. 2),4th,2014,Eric Foner,9780393920314,,HIST201/Give Me Liberty! (vol. 2),31430051074476,On Shelf,Past,N,,
HLTH 140,Health: the Basics (11th ed),11th,,Rebecca J. Donatelle,9780321910424,,HLTH140/Health,31430055790887,On Shelf,Past,N,,
BMGT 321,Horngren's Cost Accounting: A Managerial Emphasis,16th,2018,Datar & Rajan,9780134476032,"9780134642444, 9780134642468",BMGT321/Horngren's Cost Accounting,31430058255102,On Shelf,Past,N,,
PSYC 355,How Children Develop,4th,2014,"Siegler, DeLoache, & Eisenberg",9781429242318,,PSYC355/How Children Develop,"31430058255623, 31430058255631",On Shelf,Past,Y/N,HQ767.9 .S534 2014 (check if current),
GEOG 202,How to Lie with Maps,3rd,2018,Mark Monmonier,9780226435923,,GEOG202/How to Lie with Maps,31430058258882,On Shelf,Past,N,,
BSOS 289I,How to Make Money Selling Stocks Short,,2005,O'Neill & Morales,9780471710493,,BSOS289I/How to ... Stocks Short,31430058255789,On Shelf,Past,N,,
BSCI 201,Human Anatomy  & Physiology,8th,2010,Marieb & Hoehn,9780321742322,,BSCI201/Human A & P 8th,31430058254220,On Shelf,Past,N,,
BSCI 202,Human Anatomy  & Physiology,10th,2016,Marieb & Hoehn,9780321927040,9780133994971,BSCI201/Human A & P,31430058252745,On Shelf,Past,N,,
EDHD 320,Human Development: A Cultural Approach,2nd,2016,Jeffrey Jensen Arnett,9780133792423,9780134012162,EDHD320/Human Development,31430051076240,On Shelf,Past,N,,
BSCI 410,Human Molecular Genetics,5th,2019,Strachan & Read,9780815345893,,BSCI410/Human Molecular Genetics,31430058258684,On Shelf,Past,N,,
BSCI 440,Human Physiology,7th,2016,Dee Unglaub Silverthorn,9780321981226,,BSCI440/Human Physiology,31430058252828,On Shelf,Past,N,,
CLAS 298A,Imperial Tense: Prospects and Problems of American Empire,,2003,Andrew Bacevich,9781566635332,,CLAS298A/Imperial Tense,31430058258866,On Shelf,Past,N,,
BMGT 451,Influence: The Psychology of Persuasion,Revised,2007,Robert B. Cialdini,9780061241895,,BMGT451/Influence: Psychology Persuasion,31430058256100,On Shelf,Past,N,,
BMGT 301,Information Systems: A Manager's Guide to Harnessing Technology V3.0,V3.0*,2014,John Gallaugher,9781453366561,,BMGT301/Information Systems,31430058252950,On Shelf,Past,N,,
BMGT 301,Information Systems: A Manager's Guide to Harnessing Technology V5.0,V5.0,2017,John Gallaugher,9781453375747,,BMGT301/Information Systems V5.0,31430058255433,On Shelf,Past,N,,
BMGT 311,Intermediate Accounting,16th,2016,"Kieso, Weygandt, & Warfield",9781118742976,9781119170785,BMGT311/Intermediate Accounting,31430058254006,On Shelf,Past,N,,
ECON 306,Intermediate Microeconomics,9th,2014,Varian,9780393919677,9780393123975,ECON306/Intermediate Microeconomics,31430058252927,On Shelf,Past,N,,
ECON 306,Intermediate Microeconomics and Its Applications,12th,2015,Walter Nicholson & Christopher Snyder,9781133189022,"9781305102361, 9781133189039, 9780357021972",ECON306/Intermediate Microeconomics (2),31430058256860,On Shelf,Past,N,,
BMGT 446,International Financial Management,7th,2015,Eun & Resnick,9780077861605,,BMGT446/Intl Financial Mgmt,31430051074930,On Shelf,Past,N,,
GVPT 200,International Relations,11th,2017,Pevehouse & Goldstein,9780134404769,,GVPT200/International Relations,"31430058253107, 31430058253701",On Shelf,Past,N,,
PSYC 334,Intimate Relationships (6th ed),6th,,Rowland S. Miller,9780078117152,,PSYC334/Intimate Relationships,31430055790978,On Shelf,Past,N,,
PSYC 334,Intimate Relationships (7th ed),7th,2015,Rowland S. Miller,9780077861803,,PSYC334/Intimate Relationships 7th,31430058255615,On Shelf,Past,N,,
STAT 100,Intro Stats,4th,2014,"De Veaux, Velleman, Bock",9780321825278,,STAT100/Intro Stats,31430058252638,On Shelf,Past,N,,
ENES 100,Introduction to Engineering Design,2nd,2017,Jim Dally & Keystone Faculty,9781935673286,,ENES100/Introduction to Engineering Design,31430058254410,On Shelf,Past,N,,
GVPT 331,Introduction to Law + Legal System,11th,2015,Frank August Schubert,9781285438252,,GVPT331/Intro to Law + Legal System,31430058253792,On Shelf,Past,N,,
CMSC 131,Introduction to Programming in Java,2nd,2017,Sedgewick & Wayne,9780672337840,,CMSC131/Intro to Programming in Java,31430058254428,On Shelf,Past,N,,
HLTH 130,Introduction to Public Health (4th ed),4th,,Mary-Jane Schneider,9781449697365,,HLTH130/Introduction to Public Health,31430055791075,On Shelf,Past,N,,
SPHL 100,Introduction to Public Health (5th ed),5th,2017,Mary-Jane Schneider,9781284089233,,SPHL100/Intro to Public Health 5th,31430058255805,On Shelf,Past,N,,
SOCY 105,Introduction to Social Problems,10th,,Thomas J. Sullivan,9780205896462,,SOCY105/Intro to Social,31430058256621,On Shelf,Past,N,,
ENGL 101,Inventing Arguments (2nd ed.),2nd,2016,Pearson Learning Solutions,9781323511558,,ENGL101/Inventing 2nd,"31430058253552, 31430058254246",On Shelf,Past,N,,
ARTH 200,"Janson's History of Art, Vol. 1",8th,2016,"Davies, Denny, Hofrichter, Jacobs, Simon, Roberts",9780133910117,9780134081748,"ARTH200/Janson's History of Art, Vol. 1","31430059063760, 31430058884919",On Shelf,Past,Y/N,,
HIST 201,Johnstown Flood,,1968,David McCullough,9780671207144,,HIST201/Johnstown Flood,31430058258692,On Shelf,Past,N,,
CCJS 350,Juvenile Delinquency in a Diverse Society,,2014,Bates & Swan,9781412998123,,CCJS350/Juvenile Delinquency in a Diverse Society,31430055790713,On Shelf,Past,N,,
GVPT 241,Last Days of Socrates,,2010,Plato (Rowe trans.),9780140455496,,GVPT241/Last Days of Socrates (2),31430058256456,On Shelf,Past,N,,
GEOG 202,Lawn People,,2007,Paul Robbins,9781592135790,,GEOG202/Lawn People,31430058258700,On Shelf,Past,N,,
INST 346,Learning Computer Architecture with Raspberry Pi,,2016,"Upton, Duntemann, Roberts, Mamtora, & Everard",9781119183938,,INST346/Learning Computer Architecture with Raspberry Pi,31430058258718,On Shelf,Past,N,,
BCHM 461,Lehninger Principles of Biochemistry,6th,2013,Nelson & Cox,9781429234146,,BCHM461/Principles of Biochemistry,"31430055790812, 31430058253644",On Shelf,Past,N,,
BCHM 462,Lehninger Principles of Biochemistry,6th,2013,Nelson & Cox,9781429234146,,BCHM461/Principles of Biochemistry,"31430055790812, 31430058253644",On Shelf,Past,N,,
GVPT 241,Leviathan,Norton Critical,1997,Thomas Hobbes (eds. Flathman & Johnston,9780393967982,,GVPT241/Leviathan,31430058254436,On Shelf,Past,N,,
EDHD 320,Lifespan Development,,2017,Tara Kuther,9781483368856,,EDHD320/Lifespan Development,31430051076208,On Shelf,Past,N,,
EDHD 320,Life-Span Human Development,8th,2015,Sigelman,9781285454313,,EDHD320/Life-Span Human Development,31430051074872,On Shelf,Past,N,,
MATH 240,Linear Algebra and Its Applications,3rd,2006,David C. Lay,9780321287137,,MATH240/Linear Algebra 3rd,31430058255581,On Shelf,Past,N,,
MATH 240,Linear Algebra and Its Applications - Student Study Guide,5th,2016,"Lay, Lay, & McDonald",9780321982575,,MATH240/Linear Algebra SSG,31430058254253,On Shelf,Past,N,,
ENGL 101,Little Seagull Handbook W/ Exercises,2nd,2011,"Bullock, Brody, & Weinberg",9780393935813,,ENGL101/Little Seagull 2nd Ed,31430058251721,On Shelf,Past,N,,
PHIL 170,Logic Book,6th,2014,"Bergmann, Moor, & Nelson",9780078038419,,PHIL170/Logic Book,31430058256472,On Shelf,Past,N,,
GVPT 170,Logic of American Politics,9th,2019,"Kernell, Jacobson, Kousser, Vavreck",9781544322995,"9781544366647, 9781544390727",GVPT170/Logic of American Politics 9th,31430058256480,On Shelf,Past,N,,
GVPT 170,Logic of American Politics,7th,2016,Samuel Kernell,9781483319841,,GVPT170/Logic of American Politics,31430058253321,On Shelf,Past,N,,
GVPT 170,Logic of American Politics,8th,2018,"Kernell, Jacobson, Kousser, Vavreck",9781506358666,"9781506392127, 9781544338651",GVPT170/Logic of American Politics 8th,"31430058254444, 31430058255573, 31430058256159, 31430058257942",On Shelf,Past,N,XPB5483.L6 (Check if current),
CMSC 422,Machine Learning: Algorithmic Perspective,2nd,2015,Stephen Marsland,9781466583283,,CMSC422/Machine Learning,31430058258726,On Shelf,Past,N,,
ECON 201,Macroeconomics,12th,2016,Michael Parkin,9780134004679,,ECON201/Macroeconomics (3),31430058253479,On Shelf,Past,N,,
ECON 305,Macroeconomics (8th ed),8th,2012,N. Gregory Mankiw,9781429240024,9781429218870,ECON305/Macroeconomics,31430055790796,On Shelf,Past,N,,
BMGT 221,Managerial Acct,,2014,McGraw Hill,9781308162805,,BMGT221/Managerial Acct,"31430058256712, 31430058254808",On Shelf,Past,N,,
BMGT 350,Marketing,12th,2015,Armstrong & Kotler,9780133763522,,BMGT350/Marketing,31430058252802,On Shelf,Past,N,,
BMGT 457,Marketing Mistakes & Successes,12th,2014,Hartley & Claycomb,9781118078464,,BMGT457/Marketing Mistakes & Successes,31430058258734,On Shelf,Past,N,,
JOUR 200,Mass Communication,7th,2018,Ralph E. Hanson,9781544332338,9781544361918,JOUR200/Mass Communication 7th,31430058258163,On Shelf,Past,N,,
JOUR 200,Mass Communication,6th,2017,Ralph E. Hanson,9781506344461,9781506377865,JOUR200/Mass Communication,"31430058255920, 31430058257264",On Shelf,Past,N,XPB5229.M3 (check if current),
INAG 110,Mastering Public Speaking,9th,2016,"Grice, Skinner, & Mansson",9780133753837,9780134047362,INAG110/Mastering,"31430058252760, 31430058255557",On Shelf,Past,N,,
CLAS 170,"Medea, Hippolytus, Heracles, Bacchae",,2004,Euripides,9781585100484,,CLAS170/Medea,31430051076182,On Shelf,Past,N,,
BSCI 223,Microbiology w/ Diseases by Taxonomy,4th,,Robert W. Bauman,9780321819314,,BSCI223/Microbiology,31430058252729,On Shelf,Past,N,,
ECON 306,Microeconomic Theory: Basic Principles and Extensions,12th,2016,Nicholson & Snyder,9781305505797,9780357021972,ECON306/Microeconomic Theory,31430058256225,On Shelf,Past,N,,
ECON 200,Microeconomics,1st,2014,Karlan & Morduch,9780077332587,"9780077332501, 9781259421181, 9781259421198",ECON200/Microeconomics,"31430058252752, 31430058254816, 31430058254824",On Shelf,Past,N,,
ECON 200,Microeconomics,2nd,,Karlan & Morduch,9781260152616,9781260236286,ECON200/Microeconomics 2nd,31430058255086,On Shelf,Past,N,,
ECON 306,Microeconomics,2nd,2016,"Goolsbee, Levitt, & Syverson",9781464189104,,ECON306/Microeconomics (2),31430058254022,On Shelf,Past,N,,
BUDT 758Y,Modern Database Management,12th,2016,"Hoffer, Ramesh, & Topi",9780133544619,,BUDT758Y/Modern Database Management,31430058254451,On Shelf,Past,N,,
GVPT 241,Modern Political Thought: Readings from Machiavelli to Nietzsche,2nd,2008,David Wootton,9780872208971,,GVPT241/Modern Political Thought,31430058255821,On Shelf,Past,N,,
BSCI 330,Molecular Biology of the Cell,6th,2015,"Alberts, Johnson, Lewis, Morgan, Raff, Roberts, & Walter",9780815344322,,BSCI330/Molecular Bio 6th,31430058252778,On Shelf,Past,N,,
BSCI 330,"Molecular Biology of the Cell, Student Ed.",5th,,Bruce Alberts,9780815341055,,BSCI330/Molecular Bio,31430058254832,On Shelf,Past,N,,
CHEM 481,Molecular Thermodynamics,,1999,McQuarrie & Simon,9781891389054,,CHEM481/Molecular Thermodynamics,"31430055790937, 31430045993989",On Shelf,Past,N,,
CHEM 481,Molecular Thermodynamics: Problems and Solutions,,1999,Cox & McQuarrie,9781891389078,,CHEM481/Molecular Thermodynamics: Problems and Solutions,31430045993997,On Shelf,Past,N,,
ECON 330,"Money, Banking, & Financial Markets",4th,2015,Cecchetti & Schoenholtz,9780077641085,9781260157079,"ECON330/Money, Banking, & Financial Markets 4th","31430058253537, 31430058254840",On Shelf,Past,N,,
KNES 385,Motor Learning and Control: Concepts & Applications,11th,2016,Magill & Anderson,9781259823992,,KNES385/Motor Learning & Control,31430058254469,On Shelf,Past,N,,
MATH 241H,Multivariable Calculus with MATLAB,,2017,Lipsman & Rosenberg,9783319650692,,MATH241/Multivariable Calculus,31430058255672,On Shelf,Past,N,,
INST 327,Murach's MySQL,2nd,2015,Joel Murach,9781890774820,,INST327/Murach's MySQL,31430051076190,On Shelf,Past,N,,
ENST 200,Nature & Properties of Soils,15th,2017,Weil & Brady,9780133254488,,ENST200/Nature & Properties of Soils,31430058253115,On Shelf,Past,N,,
BSCI 353,Neuroscience,5th,2012,"Purves, Augustine, Fitzpatrick, Hall, LaMantia, & White",9780878936953,,BSCI353/Neuroscience,31430055791190,On Shelf,Past,N,,
ECON 311,New Economic View of American History (2nd ed),2nd,,Atack & Passell,9780393963151,,ECON311/New Economic View of American History,31430055790788,On Shelf,Past,N,,
NFSC 100,Nutrition: Concepts & Controversies,12th,2010,Sizer & Whitney,9781111520953,,NFSC100/Nutrition 12th,31430058254857,On Shelf,Past,N,,
NFSC 100,Nutrition: Concepts & Controversies,13th,2014,Sizer & Whitney,9781133603184,9781133610113,NFSC100/Nutrition 13th,31430058252547,On Shelf,Past,N,,
CCJS 105,On the Run,,2014,Alice Goffman,9780226136714,,CCJS105/On the Run,"31430058253289, 31430058255540",On Shelf,Past,N,,
ENES 140,Opportunity Analysis Canvas,3rd,2015,James V. Green,9781505983630,,ENES140/Opportunity Analysis Canvas,31430058252695,On Shelf,Past,N,,
CLAS 170,Oresteia,,1977,Aeschylus (Fagles trans.),9780140443332,,CLAS170/Oresteia (2),31430058258668,On Shelf,Past,N,,
CHEM 231,Organic Chemistry ,8th,2017,"Brown, Iverson, Anslyn, & Foote",9781337687522,9781337687539,CHEM231/Organic Chemistry (2) 8th ed,"31430058254477, 31430045993948",On Shelf,Past,N,,
CHEM 241,Organic Chemistry ,5th,2009,Marc Loudon,9780981519432,,CHEM231/Organic Chem,"31430058254865, 31430058254261, 31430058256357",On Shelf,Past,N,XPB5470.O1 (Check if current),
CHEM 241,Organic Chemistry ,7th,2015,"Brown, Iverson, Anslyn, & Foote",9781305765399,9781305766358,CHEM231/Organic Chemistry (2),"31430058254873, 31430058254881, 31430058254287, 31430058254295, 31430058254899",On Shelf,Past,N,,
CHEM 241,Organic Chemistry ,8th,2017,"Brown, Iverson, Anslyn, & Foote",9781337687522,9781337687539,CHEM231/Organic Chemistry (2) 8th ed,"31430058254477, 31430045993948",On Shelf,Past,N,,
CHEM 241,Organic Chemistry - Study Guide + Solutions,5th,2010,Loudon & Stowell,9780981519449,,CHEM231/Organic Chem SG,"31430058251598, 31430058254279",On Shelf,Past,N,XPB5470.O2 (Check if current),
CHEM 231,Organic Chemistry as a Second Language,4th,2017,David Klein,9781119110668,,CHEM231/Organic Chemistry (3),31430051076273,On Shelf,Past,N,,
CHEM 231,Organic Chemistry: Student Study Guide and Solutions Manual ,8th,2018,"Brown, Iverson, Anslyn, & Foote",9781305864504,,CHEM231/Organic Chemistry (2) Study Guide and Sol. Man. 8th ed,31430045993955,On Shelf,Past,N,,
CHEM 241,Organic Chemistry: Student Study Guide and Solutions Manual ,8th,2018,"Brown, Iverson, Anslyn, & Foote",9781305864504,,CHEM231/Organic Chemistry (2) Study Guide and Sol. Man. 8th ed,31430045993955,On Shelf,Past,N,,
CHEM 231,Organic Chemistry: Study Guide and Solutions Manual,6th,2016,Parise & Loudon,9781936221868,,CHEM231/Organic Chem SG 6th,31430058256134,On Shelf,Past,N,,
CHEM 241,Organic Chemistry: Study Guide and Solutions Manual,6th,2016,Parise & Loudon,9781936221868,,CHEM231/Organic Chem SG 6th,31430058256134,On Shelf,Past,N,,
BMGT 364,Organizational Behavior,17th,2017,Robbins,9780134437866,9780134439822,BMGT364/Organizational Behavior 17th,31430058253487,On Shelf,Past,N,,
GVPT 241,Painted Bird,2nd,1976,Jerzy Kosinski,9780802134226,,GVPT241/Painted Bird,31430058256118,On Shelf,Past,N,,
HIST 289Y,Penguin Book of the Undead,,2016,Scott G. Bruce,9780143107682,,HIST289Y/Penguin Book of the Undead,31430058255037,On Shelf,Past,N,XPB5425.P4 (check if current),
GEOG 201,Physical Geography: Great Systems and Global Environments,,2013,Marsh & Kaufman,9780521764285,,GEOG201/Physical Geography,31430055790879,On Shelf,Past,N,,
PHYS 161,Physics for Scientists & Engineers,3rd,2013,Randal D. Knight,9780321740908,,PHYS161/Physics For,31430058254907,On Shelf,Past,N,,
PHYS 272,Physics for Scientists & Engineers: With Modern Physics,4th,2008,Douglas C. Giancoli,9780131495081,9780132273596,PHYS272/Physics for Scientists & Engineers (2),31430058256381,On Shelf,Past,N,Make sure this goes to the regular collection at the end of the semester.,
GEOG 202,Planet of Slums,,2006,Mike Davis,9781844671601,,GEOG202/Planet of Slums,31430058258833,On Shelf,Past,N,,
CMSC 216,Pointers on C,,1998,Kenneth A. Reek,9780673999863,,CMSC216/Pointers on C,"31430058253735, 31430058255565",On Shelf,Past,Y/N,XPB541.P1 (check if current),
COMM 107,Practically Speaking,2nd,2017,J. Dan Rothwell,9780190457327,,COMM107/Practically Speaking,"31430058254485, 31430058254493, 31430058255524, 31430058255516, 31430058255508, 31430058257991, 31430058257983, 31430058257975, 31430058257967",On Shelf,Past,N,,
HESP 202,Primer on Communication and Communicative Disorders ,,2012,Howard D. Schwartz,9780205496365,,HESP202/Primer on Communication,31430055791059,On Shelf,Past,N,RC423 .S258 2012 (Check if current),
GVPT 170,Principles & Practice of American Politics,7th,2019,Kernell & Smith,9781506390475,9781544338651,GVPT170/P & P of Am. Politics 7th,31430058256167,On Shelf,Past,N,,
GVPT 170,Principles & Practice of American Politics,6th,2016,Kernell & Smith,9781483319872,9781506392127,GVPT170/P & P of Am. Politics,"31430058253313, 31430058254519, 31430058255490",On Shelf,Past,N,,
CHEM 135,Principles of Chemistry Selected Solutions Manual,3rd,2016,Nivaldo J. Tro,9780133889413,,CHEM135/Principles of Chemistry Solutions Manual,31430058255029,On Shelf,Past,N,,
BSCI 440,Principles of Human Physiology,5th,2013,Cindy L. Stanfield,9780321819345,,BSCI440/Principles of Human Physiology,31430058254923,On Shelf,Past,N,,
BSCI 207,Principles of Life,2nd,,David M. Hillis,9781464109478,,BSCI207/Principles of Life,"31430058254931, 31430058254949",On Shelf,Past,N,,
ECON 201,Principles of Macroeconomics,8th,2018,N. Gregory Mankiw,9781337096881,"9780538453042, 9781337378970, 9781337108034",ECON201/Principles of Macroeconomics 8th ed.,31430058253974,On Shelf,Past,N,,
ECON 200,Principles of Microeconomics (6th ed),6th,,N. Gregory Mankiw,9780538453042,,ECON200/Principles of Microeconomics,31430055790689,On Shelf,Past,N,,
STAT 400,Probability and Statistics for Engineering and the Sciences (UMD STAT 400 Custom),9th,2016,Jay L. Devore,9781305763029,9781305764477,STAT400/Probability & Statistics,31430058252620,On Shelf,Past,N,,
PLCY 201,Profiles in Courage - 50th Anniversary Ed.,,2006,John F. Kennedy,9780060854935,,PLCY201/Profiles in Courage,31430058256407,On Shelf,Past,N,,
FMSC 330,Public & Private Families,7th,2013,Andrew J. Cherlin,9780078026676,9780078026683,FMSC330/Public & Private Families,31430058253362,On Shelf,Past,N,,
BUDT 758X,Python for Data Analysis,2nd,2018,Wes McKinney,9781491957660,,BUDT758X/Python for Data Analysis,31430058256027,On Shelf,Past,N,,
PLSC 100,Raven Biology of Plants,8th,2013,Evert & Eichhorn,9781429219617,,PLSC100/Biology of Plants,31430058258759,On Shelf,Past,N,,
GVPT 170,Readings in American Politics: Analysis and Perspectives,3rd,2014,Ken Kollman,9780393936742,9780393633818,GVPT170/Readings,31430058253917,On Shelf,Past,N,,
GVPT 170,Readings in American Politics: Analysis and Perspectives,4th,2018,Ken Kollman,9780393283686,,GVPT170/Readings 4th,31430058256878,On Shelf,Past,N,,
CLAS 298A,"Readings in Western Civilization, Volume 2: Rome: Late Republic and Principate",,1986,"Kaegi, White, Boyer, & Kirshner eds.",9780226069371,,CLAS298A/Readings in Western Civ.,31430058258858,On Shelf,Past,N,,
SOCY 100,Real World: An Introduction to Sociology,6th,2018,Ferris & Stein,9780393639575,,SOCY100/Real World,31430058258742,On Shelf,Past,N,,
CCJS 325,Renting Lacy,,2011,Smith & Coloma,9780976559467,9780989645126,CCJS325/Renting Lacy,31430058254527,On Shelf,Past,N,,
PSYC 300,Research Methods for Behavioral Sciences,5th,2015,Charles Stangor,9781285077024,9781285077031,PSYC300/Research Methods for Behavioral Sciences,31430058253867,On Shelf,Past,N,,
PSYC 300,Research Methods for the Behavioral Sciences,6th,2018,Frederick Gravetter & Lori-Ann Foranzo,9781337619554,"9781337755023, 9781337613316",PSYC300/Research Methods for Behavioral Sciences 6th,31430058256894,On Shelf,Past,N,,
CCJS 300,Research Methods in Criminal Justice and Criminology,9th,2014,Frank E. Hagan,9780133008616,,CCJS300/Research Methods in Criminal,31430058253156,On Shelf,Past,N,,
HLTH 200,Research Methods: the Concise Knowledge Base ,,2005,William M. K. Trochim,9781592601462,,HLTH200/Research Methods,31430055790838,On Shelf,Past,N,,
CCJS 350,Return to Justice,,2015,Ashley Nellis,9781442227668,,CCJS350/Return to Justice,31430058253420,On Shelf,Past,N,,
MUSC 205,"Rock: Music, Culture, & Business",,2012,"Schloss, Starr, & Waterman",9780199758364,,MUSC205/Rock,31430058253347,On Shelf,Past,N,,
HIST 134,"Sacco & Vanzetti: the Men, the Murders, and the Judgement of Mankind",,2007,Bruce Watson,9780143114284,,HIST134/Sacco & Vanzetti,31430058254543,On Shelf,Past,N,,
ANSC 101,Scientific Farm Animal Production: An Introduction to Animal Science,11,2016,Field & Taylor,9780133767209,,ANSC101/Scientific Farm Animal,31430058255854,On Shelf,Past,N,,
CCJS 325,Slave Next Door,,2009,Bales & Soodalter,9780520268661,,CCJS325/Slave Next Door,31430058254568,On Shelf,Past,N,,
GVPT 241,Social Contract & Discourses,,1993,"Jean-Jacques Rousseau (eds. Cole, Brumfitt, Hall, Jimack)",9780460873574,,GVPT241/Social Contract & Discourses,31430058254576,On Shelf,Past,N,,
GVPT 241,Social Contract & Discourses,,1993,"Jean-Jacques Rousseau (eds. Cole, Brumfitt, Hall, Jimack, intro. Alan Ryan)",9780679423027,,GVPT241/Social Contract & Discourses (2),31430058256126,On Shelf,Past,N,,
SOCY 105,Social Problems,6th,2019,Anna Leon-Guerrero,9781506362724,,SOCY105/Social Problems 6th,31430058258874,On Shelf,Past,N,,
SOCY 105,Social Problems,4th,,Anna Leon-Guerrero,9781452205434,,SOCY105/Social Problems,31430058256696,On Shelf,Past,N,,
PSYC 221,Social Psychology,,2019,Heinzen & Goodfriend,9781506357515,9781544330334,PSYC221/Social Psychology (2),"31430058256175, 31430058257918",On Shelf,Past,N,XPB5479.S6 (check if current),
SOCY 100,Sociology Project,1st,,Jeff Manza,9780205949601,,SOCY100/Sociology Project,31430058251689,On Shelf,Past,N,,
SOCY 100,Sociology: the Essentials,9th,2017,"Andersen, Taylor, & Logio",9781305503083,,SOCY100/Sociology Ess.,31430058253461,On Shelf,Past,N,,
ENES 210,Startup Ananlysis Canvas,2nd,2018,James V. Green,9781720307402,,ENES210/Startup Ananlysis Canvas,31430058255862,On Shelf,Past,N,,
ENES 461,Startup Ananlysis Canvas,2nd,2018,James V. Green,9781720307402,,ENES210/Startup Ananlysis Canvas,31430058255862,On Shelf,Past,N,,
INST 314,Statistics,11th,2017,Witte & Witte,9781119254515,,ISNT314/Statistics,31430058258817,On Shelf,Past,N,,
CCJS 200,Statistics for Criminology & Criminal Justice,4th,2017,Bachman & Paternoster,9781506326108,,CCJS200/Statistics for Criminology & Criminal Justice (2),31430058258197,On Shelf,Past,Y/N,Make sure this goes to the regular collection at the end of the semester.,
CCJS 200,Statistics for Criminology & Criminal Justice,2nd,2016,Jacinta M. Gau,9781483378459,,CCJS200/Statistics for Criminology & Criminal Justice,31430058254584,On Shelf,Past,N,,
ENME 392,Statistics for Engineers + Scientists,4th,2015,William Navidi,9780073518237,9780073401331,ENME392/Stats for Engineers + Scientists,31430058253941,On Shelf,Past,N,,
PSYC 200,Statistics for the Behavioral Sciences,10th,2017,Frederick J. Gravetter & Larry B. Wallnau,9781305862807,9781337128995,PSYC200/Statistics for the Behavioral Sciences,31430058258627,On Shelf,Past,N,,
CCJS 105,"Street Life: Poverty, Gangs, and a Ph.D.",,2011,Victor M. Rios,9781453832691,,CCJS105/Street Life,31430058258841,On Shelf,Past,N,,
PHSC 497,Strenghtsfinder 2.0,,2007,Tom Rath,9781595620156,,PHSC497/Strengthsfinder,,Ebook,Past,Y,Ebook only [RECHECK AVAILABILITY] - http://search.ebscohost.com/login.aspx?direct=true&db=nlebk&AN=580020&site=ehost-live,"This book is  available as an ebook at this <a href=""http://search.ebscohost.com/login.aspx?direct=true&db=nlebk&AN=580020&site=ehost-live"">link</a>"
ENGL 393,Style: Basics of Clarity and Grace,5th,,Joseph M. Williams,9780321953308,,ENGL101S/Style Basics,31430058256761,On Shelf,Past,N,,
BMGT 372,Supply Chain Management: A Global Perspective,2nd,2018,Nada R. Sanders,9781119392194,,BMGT372/Supply Chain Management,31430058256043,On Shelf,Past,N,,
SPAN 301,Taller de Escritores: Grammar and Composition for Advanced Spanish,2nd,2016,Bleichmar & Canon,9781680040067,9781680040128,SPAN301/Taller de Escritores,"31430058255870, 31430058256340",On Shelf,Past,N,,
BMGT 323,Taxation of Individuals  (McGraw-Hill's),2018 ed.,2018,"Spilker, Ayers, Outslay, Weaver, Barrick, Robinson, & Worsham",9781260008890,,BMGT323/Taxation of Individuals 2018 ed.,31430058255664,On Shelf,Past,N,,
BMGT 323,Taxation of Individuals (UMD Custom),8th,2017,"Spilker, Ayers, Outslay, Weaver, Barrick, Robinson, & Worsham",9781308832227,9781259729027,BMGT323/Taxation of Individuals,31430051074955,On Shelf,Past,N,,
ENGL 393,Technical Communication (1),10th,,Mike Markel,9780312679484,,ENGL393/Technical Comm (1),31430058256795,On Shelf,Past,N,,
CLAS 170,Ten Plays,,1998,Euripides (Roche trans.),9780451527004,,CLAS170/Ten Plays,31430058258676,On Shelf,Past,N,,
GVPT 241,The Prince,,1966,Niccolo Macchiavelli (Donno trans.),9780553212785,,GVPT241/The Prince (2),31430058256399,On Shelf,Past,N,,
CLAS 170,Theogony; and Works & Days,,1987,Hesiod (Caldwell trans.),9780941051002,,CLAS170/Theogony (2),31430058258650,On Shelf,Past,N,,
ENME 351,Theory and Design for Mechanical Measurements,5th,2011,Figliola & Beasley,9780470547410,,ENME351/Theory & Design for Mechanical ,31430058256035,On Shelf,Past,N,,
CHEM 481,"Thermodynamics, Statistical Thermodynamics and Kinetics (3rd ed)",3rd,,Engel & Reid,9780321766182,,"CHEM481/Thermodynamics, Statistical Thermodynamics, & Kinetics",31430055790929,On Shelf,Past,N,,
ENGL 101,They Say/I Say,3rd,2014,Gerald Graff & Cathy Birkenstein,9780393935844,,ENGL101/They Say,"31430058256514, 31430058254303",On Shelf,Past,N,,
ENGL 101,They Say/I Say,2nd,2010,Gerald Graff & Cathy Birkenstein,9780393933611,,ENGL101/They Say 2nd Ed,"31430019904723, 31430019904731",On Shelf,Past,N,,
ENGL 101S,They Say/I Say,3rd,2014,Gerald Graff & Cathy Birkenstein,9780393935844,,ENGL101/They Say,"31430058256514, 31430058254303",On Shelf,Past,N,,
HLTH 377,Think Human Sexuality,,2011,Kelly Welch,9781256155621,,HLTH377/Think Human Sexuality,31430058252810,On Shelf,Past,N,,
BMGT 110,Understanding Business,11th,2016,"Nickels, McHugh, & McHugh",9780078023163,,BMGT110F/Understanding Business 11th,"31430058253388, 31430058254311, 31430058254964",On Shelf,Past,N,,
BMGT 110,Understanding Business (10th ed),10th,,"Nickels, McHugh, & McHugh",9780073524597,,BMGT110/Understanding Business,31430055791117,On Shelf,Past,N,,
PHYS 132,Understanding Physics,2004,2004,"Cummings, Laws, Redish, & Cooney",9780471370994,,PHYS131/Understanding Physics,31430058252612,On Shelf,Past,N,,
SOCY 105,Understanding Social Problems,9th,2015,"Mooney, Knox, and Schacht",9781285746500,978-1-285-76265-4,SOCY105/Understanding Social Problems,31430058258775,On Shelf,Past,N,,
PSYC 200,Understanding Statistics In the Behavioral Sciences (UMD Custom),10th,2012,Robert R. Pagano,9781285109237,9781285105598,PSYC200/Understanding Statistics In the Behavioral Sciences (UMD Custom),31430058255060,On Shelf,Past,N,,
PHYS 260,University Physics,14th,2016,"Young, Freedman, Ford, Sears, & Zemansky",9780321973610,,PHYS161/University Physics,31430058253081,On Shelf,Past,N,,
BMGT 443,Valuation: Measuring & Managing the Value of Companies,6th,2015,"Koller, Goedhart, & Wessels",9781118873700,,BMGT443/Valuation,31430058253933,On Shelf,Past,N,,
BMGT 302,VBA for Modelers: Developing Decision Support Systems with Microsoft Office Excel,5th ,2016,S. Christian Albright,9781285869612,,BMGT302/VBA for Modelers,31430058256050,On Shelf,Past,N,,
JOUR 181,Working with Words,9th,2017,"Brooks, Pinson, & Wilson",9781319071042,9781319011741,JOUR181/Working with Words 9th,31430058254592,On Shelf,Past,N,,
ANTH 240,World Prehistory and Archaeology: Pathways Through Time,4,2018,Michael Chazan,9781138089464,"9781138632554, 9781315208183",ANTH240/World Prehistory & Archaeology,31430058255896,On Shelf,Past,N,,
HIST 289Y,Zombie Survival Guide,,2003,Max Brooks,9781400049622,,HIST289Y/Zombie Survival Guide,31430058253826,On Shelf,Past,N,XPB5425.Z7 (check if current),
MATH 410,Advanced Calculus,2nd,2006,Patrick M. Fitzpatrick,9780821847916,,MATH410/Advanced Calculus,31430058254329,On Shelf,Returning,N,,
CMSC 451,Algorithm Design,1st,2005,Kleinberg & Tardos,9780321295354,,CMSC451/Algorithm Design,31430058255953,On Shelf,Returning,Y,Make sure this goes to the regular collection at the end of the semester.,
CLAS 170,Anthology of Classical Mythology,2nd,2016,"Stephen Trzaskoma, R. Scott Smith, & Stephen Brunet ",9781624664977,9781624664984,CLAS170/Anthology of Classical Myth,31430051076216,On Shelf,Returning,N,,
ARCH 300,"Architecture: Form, Space, & Order",4th,2015,Francis D. K. Ching,9781118745083,,ARCH400/Architecture,31430058258783,On Shelf,Returning,N,,
ARCH 300,Art of City Sketching,,2014,Abrams,9780415817813,,ARCH400/Art of City Sketching,31430059415325,On Shelf,Returning,Y,,
EPIB 315,Basic Biostatistics: Statistics for Public Health Practice,2nd,2015,B. Burt Gertsman,9781284036015,,EPIB315/Basic Biostatistics,31430058256464,On Shelf,Returning,N,,
HIST 201,Blood Justice: the Lynching of Mack Charles Parker,,1986,Howard Smead,9780195054293,,HIST201/Blood Justice,31430051617035,On Shelf,Returning,Y,,
BMGT 380,"Business Law: Ethical, Global, and E-commerce Environment",17th,2018,"Langvardt, Barnes, Prenkert, McCrory, & Perry",9781259917110,,BMGT380/Business Law 17th,"31430058255904, 31430058256001",On Shelf,Returning,N,,
CMSC 216,C Programming,2nd,2008,K. N. King,9780393979503,,CMSC216/C Programming,31430058252976,On Shelf,Returning,N,,
MATH 120,Calculus & Its Applications,14th,2018,"Goldstein, Lay, Schneider, & Asmar",9780134437774,9780134768687,MATH120/Calculus & Its Applications 14th,"31430058255128, 31430058255961, 31430058256290, 31430058258064",On Shelf,Returning,N,,
MATH 140,Calculus w/ Concepts of Calculus,6th,2011,Robert Ellis & Denny Gulick,9781133436751,,MATH141/Calculus w/ Concepts,"31430058254626, 31430058257009 , 31430058254618, 31430058258056",On Shelf,Returning,N,,
MATH 141,Calculus w/ Concepts of Calculus,6th,2011,Robert Ellis & Denny Gulick,9781133436751,,MATH141/Calculus w/ Concepts,"31430058254626, 31430058257009 , 31430058254618, 31430058258056",On Shelf,Returning,N,,
MATH 241,Calculus w/ Concepts of Calculus,6th,2011,Robert Ellis & Denny Gulick,9781133436751,,MATH141/Calculus w/ Concepts,"31430058254626, 31430058257009 , 31430058254618, 31430058258056",On Shelf,Returning,N,,
MATH 140,Calculus w/ Concepts of Calculus - Student Solutions Manual,6th,2011,Robert Ellis & Denny Gulick,9780759331778,,MATH141/Calculus w/ Con. SSM,"31430058254113, 31430058258114, 31430058258106",On Shelf,Returning,N,,
CLAS 170,Classical Mythology: A Very Short Intro,,2007,Helen Morales,9780192804761,,CLAS170/Classical Mythology,31430053369148,On Shelf,Returning,Y,,
PHYS 121,"College Physics, vol. 1",3rd,2015,"Knight, Jones, & Field",9780321908773,9780321879721,"PHYS121/College Physics, vol. 1 3rd","31430058253354, 31430058255409, 31430058255425",On Shelf,Returning,N,,
PHYS 122,"College Physics, Vol. 2",3rd,2015,"Knight, Jones, & Field",9780321908780,9780321879721,"PHYS122/College Physics, Vol. 2",31430058253834,On Shelf,Returning,N,,
HIST 134,Conspiracy in the Streets,,2006,ed. Jon Weiner,9781565848337,,HIST134/Conspiracy in the Streets,31430058254352,On Shelf,Returning,N,,
JOUR 150,Converging Media: A New Introduction to Mass Communication,6th,2019,Pavlik & McIntosh,9780190646653,,JOUR150/Converging Media,31430058256068,On Shelf,Returning,N,,
CCJS 100,Criminal Justice in America,9th,2018,"Cole, Smith, & DeJong",9781305966062,9781305966178,CCJS100/Criminal Justice 9th,"31430051076224, 31430058258015",On Shelf,Returning,N,,
CCJS 230,Criminal Law,,2016,Russell-Brown & Davis,9781412977890,,CCJS230/Criminal Law (2),31430058253172,On Shelf,Returning,N,,
CCJS 230,Criminal Law (11th ed),11th,,Samaha,9781285061917,,CCJS230/Criminal Law,31430055790697,On Shelf,Returning,N,,
CCJS 105,Criminology: Essentials,3rd,2018,Walsh & Jorgensen,9781506359717,,CCJS105/Criminology Essentials,"31430058254360, 31430058255375, 31430058258007",On Shelf,Returning,N,,
BMGT 402,"Database Systems: A Practical Approach to Design, Implementation, and Management",6th,2015,Connolly & Begg,9780132943260,,BMGT402/Database Systems,31430058256415,On Shelf,Returning,N,,
MATH 246,Differential Equations W/Matlab,3rd,2012,Brian R. Hunt,9781118376805,,MATH246/Differential Equations,31430058256530,On Shelf,Returning,N,,
ENAE 301,Engineering Dynamics,,2011,Kasdin & Paley,9780691135373,,ENAE301/Engineering Dynamics,31430058255011,On Shelf,Returning,N,,
ENES 221,Engineering Mechanics: Dynamics,14th,2016,R.C. Hibbeler,9780133915389,,ENES221/Engineering Mechanics,31430058253164,On Shelf,Returning,N,,
CLAS 170,Essential Aeneid,,2006,Virgil (Lombardo trans.),9780872207905,,CLAS170/Essential Aeneid ,31430058253297,On Shelf,Returning,N,,
INAG 110,Essential Communication,2nd,2019,"Adler, Rodman, du Pre",9780190650087,9780190650186,INAG110/Essential Communication,31430059437956,On Shelf,Returning,Y,,
ASTR 101,Essential Cosmic Perspective,8th,2018,"Bennet, Donahue, Schneider, & Voit",9780134446431,,ASTR101/Essential Cosmic Perspective,31430058256431,On Shelf,Returning,N,,
CLAS 170,Essential Homer,,2000,Homer  (Lombardo trans.),9780872205406,,CLAS170/Essential Homer,31430051074385,On Shelf,Returning,Y,,
BMGT 343,Essentials of Investments,10th,2017,"Bodie, Kane, & Marcus",9780077835422,,BMGT343/Ess. of Investments 10th,31430058255763,On Shelf,Returning,N,,
STAT 410,First Course in Probability,9th,2014,Sheldon Ross,9780321794772,9780134753119,STAT410/First Course in Probability,31430058256217,On Shelf,Returning,N,,
ENAE 311,Fundamentals of Aerodynamics,6th,2017,"John D. Anderson, Jr.",9781259129919,,ENAE311/Fundamentals of Aerodynamics,31430058416316,On Shelf,Returning,Y,,
BMGT 340,Fundamentals of Corporate Finance (UMD Custom),3rd,2015,"Berk, DeMarzo, & Harford",9781269945646,"9781269946544, 9781269932110, 9780133507676, 9781269932110",BMGT340/Fund. of Corp. Finance,"31430058254048, 31430058254766",On Shelf,Returning,N,,
ECON 414,"Games, Strategies, and Decision Making",2nd,2015,"Joseph E. Harrington, Jr.",9781429239967,,"ECON414/Games, Strategies, & Decision Making",31430058255771,On Shelf,Returning,N,,
BSCI 222,"Genetics, A Conceptual Approach",6th,2017,Benjamin A. Pierce,9781319050962,,BSCI222/Genetics 6th,"31430051076406, 31430058255995",On Shelf,Returning,N,,
CLAS 170,Grief Lessons,,2006,Euripides (Carson trans.),9781590171806,,CLAS170/Grief Lessons,31430051345082,Held,Returning,Y,,
PSYC 234,Happiness,,2008,Diener & Biswas-Diener,9781405146616,,PSYC289D/Happiness,31430053779916,On Shelf,Returning,Y,,
PSYC 234,Happiness Hypothesis,,2006,Jonathan Haidt,9780465028023,,PSYC289D/Happiness Hypothesis,31430052045459,On Shelf,Returning,Y,,
BSOS 201,"How I Made $2,000,000 in the Stock Market",Revised,2012,Darvas & Burns,9781607964926,,"BSOS289I/How I Made $2,000,000",31430058253412,On Shelf,Returning,N,,
BSOS 201,How to Make Money in Stocks,4th,2009,William J. O'Neil,9780071614139,,BSOS289I/How to Make Money,31430058253305,On Shelf,Returning,N,,
BSCI 440,Human Physiology: an Integrated Approach,8th,2019,Dee Unglaub Silverthorn,9780134605197,,BSCI440/Human Physiology 8th,31430058256423,On Shelf,Returning,N,,
CCJS 325,Human Trafficking,,2020,"Stickle, Hickman, & White",9781506375038,,CCJS325/Human Trafficking,31430058258767,On Shelf,Returning,N,,
CLAS 170,Iliad,,1990,Homer (Fagles trans.),9780140445923,,CLAS170/Iliad (2),31430058258825,On Shelf,Returning,N,,
CMSC 351,Introduction to Algorithms,3rd,,"Cormen, Leiserson, Rivest, Stein",9780262033848,,CMSC351/Intro to Algorithms,"31430058252703, 31430058256324",On Shelf,Returning,N,,
BCHM 461,Lehninger Principles of Biochemistry,7th,2017,Nelson & Cox,9781464126116,,BCHM461/Principles of Biochemistry 7th,31430058258643,On Shelf,Returning,N,,
BCHM 463,Lehninger Principles of Biochemistry,7th,2017,Nelson & Cox,9781464126116,,BCHM461/Principles of Biochemistry 7th,31430058258643,On Shelf,Returning,N,,
MATH 240,Linear Algebra and Its Applications,5th,2016,"Lay, Lay, & McDonald",9780321982384,9780134279190,MATH240/Linear Algebra,"31430058257157, 31430058255987",On Shelf,Returning,Y/N,,
MATH 401,Linear Algebra and Its Applications,5th,2016,"Lay, Lay, & McDonald",9780321982384,9780134279190,MATH240/Linear Algebra,"31430058257157, 31430058255987",On Shelf,Returning,Y/N,,
MATH 461,Linear Algebra and Its Applications,5th,2016,"Lay, Lay, & McDonald",9780321982384,9780134279190,MATH240/Linear Algebra,"31430058257157, 31430058255987",On Shelf,Returning,Y/N,,
BMGT 350,Marketing,13th,2017,Armstrong & Kotler,9780134149530,9780134421902,BMGT350/Marketing 13th,"31430058253206, 31430058256365",On Shelf,Returning,N,,
BMGT 350M,Marketing,13th,2017,Armstrong & Kotler,9780134149530,9780134421902,BMGT350/Marketing 13th,"31430058253206, 31430058256365",On Shelf,Returning,N,,
MATH 135,Mathematics for the Life Sciences,,2014,"Bodine, Lenhart, & Gross",9780691150727,,MATH135/Mathematics for Life Sciences,31430058255813,On Shelf,Returning,N,,
CLAS 170,Metamorphoses,,2004,Ovid (Martin trans.),9780393326420,,CLAS170/Metamorphoses (2),31430050625575,Held,Returning,Y,,
BSCI 223,Microbiology w/ Diseases by Taxonomy,5th ,2017,Robert W. Bauman,9780134019192,,BSCI223/Microbiology 5th,31430058253032,On Shelf,Returning,N,,
ENEE 303,Microelectronic Circuits,7th,2015,Sedra & Smith,9780199339136,,ENEE303/Microelectronic Circuits,31430058253149,On Shelf,Returning,N,,
INST 327,Murach's MySQL,3rd,2019,Joel Murach,9781943872367,,INST327/Murach's MySQL 3rd,31430058258635,On Shelf,Returning,N,,
BSCI 353,Neuroscience,6th,2018,Dale Purves,9781605353807,,BSCI353/Neuroscience 6th,31430058698624,On Shelf,Returning,Y,,
CLAS 170,Odyssey,,2006,Homer (Fagles trans.),9780143039952,,CLAS170/Odyssey,31430037997857,On Shelf,Returning,Y,,
ENES 140,Opportunity Analysis Canvas,4th,2016,James V. Green,9781523459452,,ENES140/Opportunity Analysis Canvas 4th,31430058255532,On Shelf,Returning,N,,
CHEM 231,Organic Chemistry,6th,2016,Loudon & Parise,9781936221349,,CHEM231/Organic Chem 6th,31430058256142,On Shelf,Returning,N,,
CHEM 241,Organic Chemistry,6th,2016,Loudon & Parise,9781936221349,,CHEM231/Organic Chem 6th,31430058256142,On Shelf,Returning,N,,
HLTH 140,Personal Health: A Population Approach,1st,2020,"Kiely, Manze, & Palmedo",9781284099652,,HLTH140/Personal Health,31430058256498,On Shelf,Returning,N,,
PHYS 102,Physics of Sound (3rd ed),3rd,,Berg & Stork,9780131457898,,PHYS102/Physics of Sound,31430055791034,On Shelf,Returning,N,,
KNES 320,Physiology of Sport & Exercise,6th,2015,"Kenney, Wilmore, & Costill",9781450477673,,KNES360/Physiology of Sport,31430058253396,On Shelf,Returning,N,,
MATH 115,Precalculus Math for Calculus,7th,2016,Stewart,9781305701618,,MATH115/Precalculus Math for Calculus,"31430058253453, 31430058254915",On Shelf,Returning,N,,
CHEM 135,Principles of Chemistry: a Molecular Approach,3rd,2016,Nivaldo J. Tro,9780134168746,9780321971944,CHEM135/Principles of Chemistry,"31430058254501, 31430045993963, 31430058255656",On Shelf,Returning,N,,
STAT 401,Probability and Statistics for Engineering and the Sciences (UMD STAT 400 Custom),9th,2016,Jay L. Devore,9781305763029,9781305764477,STAT400/Probability & Statistics,31430058252620,On Shelf,Returning,N,,
FMSC 330,Public & Private Families,8th,2016,Andrew J. Cherlin,9780078027154,,FMSC330/Public & Private Families 8th,31430058257256,On Shelf,Returning,N,,
PLCY 100,"Public Policy: Politics, Analysis, and Alternatives",6th,2018,Kraft & Furlong,9781506358154,,PLCY100/Public Policy,"31430058255839, 31430058257934",On Shelf,Returning,N,,
CCJS 370,Punished: Policing the Lives of Black and Latino Boys,,2011,Victor M. Rios,9780814776384,,CCJS105/Punished,31430056364609,On Shelf,Returning,Y/N,,
PHIL 203,Questions of Life and Death,,2012,Christopher W. Morris,9780195156980,,PHIL203/Questions of Life & Death,31430058256019,On Shelf,Returning,Y,,
GVPT 201,R Companion to Political Analysis,2nd,2018,Pollock & Edwards,9781506368849,9781506393742,GVPT201/R Companion,"31430058255847, 31430058259344",On Shelf,Returning,N,XPB5460.R2 (Check if current),
CCJS 300,Research Methods in Criminal Justice and Criminology,10th,2018,Frank E. Hagan,9780134558912,,CCJS300/Research Methods in Crim. 10th,31430058254535,On Shelf,Returning,N,,
HLTH 377,S.E.X.,2nd,2016,Heather Corinna,9780738218847,,HLTH377/S.E.X.,31430058253875,On Shelf,Returning,N,,
HIST 134,Salem Witch Hunt: a Brief History with Documents,,2011,Richard Godbeer,9780312484552,,HIST134/Salem Witch Hunt,31430058254550,On Shelf,Returning,N,,
ENME 400,Shigley's Mechanical Engineering Design,10th,2015,Budynas & Nisbett,9780073398204,,ENME400/Shigley's Mechanical,31430058256076,On Shelf,Returning,N,,
CCJS 300,Simple Guide to IBM SPSS Statistics for Version 23.0,14th,2016,Kirkpatrick & Feeney,9781305877719,,CCJS300/Simple Guide to IBM SPSS,31430058253016,On Shelf,Returning,N,,
SOCY 230,Social Psychology Sociological Perspectives (3rd ed),3rd,2014,"Rohall, Milkie, & Lucas",9780205235001,,SOCY230/Social Psychology,31430055791067,On Shelf,Returning,N,,
CLAS 170,Sophocles I,3rd,2013,Sophocles (Green & Lattimore eds.),9780226311517,,CLAS170/Sophocles I,31430057779649,On Shelf,Returning,Y,,
BMGT 332,Spreadsheet Modeling and Decision Analysis: A Practical Introduction to Business Analytics,8th,2018,Cliff T. Ragsdale,9781337274852,,BMGT332/Spreadsheet Modeling,31430058256258,On Shelf,Returning,N,,
BSOS 201,Stock Investing for Students,,2013,Alan Ellman,9781937183929,,BSOS289I/Stock Investing,31430058253255,On Shelf,Returning,N,,
CLAS 170,Theogony; and Works & Days,,2008,"Hesiod (Nelson & Caldwell, trans.)",9781585102884,,CLAS170/Theogony; and Works & Days ,31430058253271,On Shelf,Returning,N,,
BMGT 110F,Understanding Business,12th,2019,"Nickels, McHugh, & McHugh",9781260211108,"9781259929434, 9781260277142",BMGT110F/Understanding Business 12th,31430058258189,On Shelf,Returning,N,,
PHYS 161,University Physics,14th,2016,"Young, Freedman, Ford, Sears, & Zemansky",9780321973610,,PHYS161/University Physics,31430058253081,On Shelf,Returning,N,,
PHYS 270,University Physics,14th,2016,"Young, Freedman, Ford, Sears, & Zemansky",9780321973610,,PHYS161/University Physics,31430058253081,On Shelf,Returning,N,,
ENME 361,Vibrations (2nd ed),2nd,2009,"Balachandran, Magrab",9780534552060,,ENME361/Vibrations,31430055790986,On Shelf,Returning,N,,
AOSC 200,Weather: A Concise Introduction,,2018,Hakim & Patoux,9781108404655,9781108417167,AOSC200/Weather,31430058255888,On Shelf,Returning,N,,
AREC 365,World Food Problem,5th,2016,Leathers & Foster,9781626374515,,AREC365/World Food Problem 5th,"31430058253925, 31430058254998",On Shelf,Returning,N,,
TLPL 250,Nicomachean Ethics,,(Rev) 2009,Aristotle (Ross/Brown trans.),9780199213610,,TLPL250/Nicomachean Ethics,31430055122016,On Shelf,New,Y,,
